TimeStamp,Total Power Remaining(Wh),Payload 1 Current(A),Payload 2 Current(A),Umbilical Current(A),Internal Payload (A),Payload 3 Current (A),Power Extension Port (A),Light Bar (A),Battery Current(A),Battery 0 Power Remaining(Wh),Battery 1 Power Remaining(Wh),Battery 2 Power Remaining(Wh),Battery 3 Power Remaining(Wh),Battery 4 Power Remaining(Wh),Battery 5 Power Remaining(Wh),Battery 6 Power Remaining(Wh),Battery 0 Voltage(V),Battery 1 Voltage(V),Battery 2 Voltage(V),Battery 3 Voltage(V),Battery 4 Voltage(V),Battery 5 Voltage(V),Battery 6 Voltage(V),
02.12.2019 04:56:53,415.714, , , , , , , , , , , , , , , , , , , , , , , 
02.12.2019 04:56:53,415.714, , , , , , , , , , , , , , , , , , , , , , , 
02.12.2019 03:56:53,443.693, , , , , , , , , , , , , , , , , , , , , , , 
02.12.2019 03:56:53,443.693, , , , , , , , , , , , , , , , , , , , , , , 
02.12.2019 02:56:53,471.529, , , , , , , , , , , , , , , , , , , , , , , 
02.12.2019 02:56:53,471.529, , , , , , , , , , , , , , , , , , , , , , , 
02.12.2019 01:56:53,499.204, , , , , , , , , , , , , , , , , , , , , , , 
02.12.2019 01:56:53,499.204, , , , , , , , , , , , , , , , , , , , , , , 
02.12.2019 00:56:53,526.753, , , , , , , , , , , , , , , , , , , , , , , 
02.12.2019 00:56:53,526.753, , , , , , , , , , , , , , , , , , , , , , , 
01.12.2019 23:56:53,553.911, , , , , , , , , , , , , , , , , , , , , , , 
01.12.2019 23:56:53,553.911, , , , , , , , , , , , , , , , , , , , , , , 
01.12.2019 22:56:53,580.71, , , , , , , , , , , , , , , , , , , , , , , 
01.12.2019 22:56:53,580.71, , , , , , , , , , , , , , , , , , , , , , , 
01.12.2019 21:56:53,607.191, , , , , , , , , , , , , , , , , , , , , , , 
01.12.2019 21:56:53,607.191, , , , , , , , , , , , , , , , , , , , , , , 
01.12.2019 20:56:53,633.412, , , , , , , , , , , , , , , , , , , , , , , 
01.12.2019 20:56:53,633.412, , , , , , , , , , , , , , , , , , , , , , , 
01.12.2019 19:56:53,659.621, , , , , , , , , , , , , , , , , , , , , , , 
01.12.2019 19:56:53,659.621, , , , , , , , , , , , , , , , , , , , , , , 
01.12.2019 18:56:53,685.6, , , , , , , , , , , , , , , , , , , , , , , 
01.12.2019 18:56:53,685.6, , , , , , , , , , , , , , , , , , , , , , , 
01.12.2019 17:56:53,709.589, , , , , , , , , , , , , , , , , , , , , , , 
01.12.2019 17:56:53,709.589, , , , , , , , , , , , , , , , , , , , , , , 
01.12.2019 16:56:53,733.376, , , , , , , , , , , , , , , , , , , , , , , 
01.12.2019 16:56:53,733.376, , , , , , , , , , , , , , , , , , , , , , , 
01.12.2019 15:56:53,745.906, , , , , , , , , , , , , , , , , , , , , , , 
01.12.2019 15:56:53,745.906, , , , , , , , , , , , , , , , , , , , , , , 
01.12.2019 14:56:53,731.881, , , , , , , , , , , , , , , , , , , , , , , 
01.12.2019 14:56:53,731.881, , , , , , , , , , , , , , , , , , , , , , , 
01.12.2019 13:56:53,687.109, , , , , , , , , , , , , , , , , , , , , , , 
01.12.2019 13:56:53,687.109, , , , , , , , , , , , , , , , , , , , , , , 
01.12.2019 12:56:53,621.533, , , , , , , , , , , , , , , , , , , , , , , 
01.12.2019 12:56:53,621.533, , , , , , , , , , , , , , , , , , , , , , , 
01.12.2019 11:56:53,552.887, , , , , , , , , , , , , , , , , , , , , , , 
01.12.2019 11:56:53,552.887, , , , , , , , , , , , , , , , , , , , , , , 
01.12.2019 10:56:53,480.197, , , , , , , , , , , , , , , , , , , , , , , 
01.12.2019 10:56:53,480.197, , , , , , , , , , , , , , , , , , , , , , , 
01.12.2019 09:56:53,421.199, , , , , , , , , , , , , , , , , , , , , , , 
01.12.2019 09:56:53,421.199, , , , , , , , , , , , , , , , , , , , , , , 
01.12.2019 08:56:53,376.676, , , , , , , , , , , , , , , , , , , , , , , 
01.12.2019 08:56:53,376.676, , , , , , , , , , , , , , , , , , , , , , , 
01.12.2019 07:56:53,367.804, , , , , , , , , , , , , , , , , , , , , , , 
01.12.2019 07:56:53,367.804, , , , , , , , , , , , , , , , , , , , , , , 
01.12.2019 06:56:53,384.437, , , , , , , , , , , , , , , , , , , , , , , 
01.12.2019 06:56:53,384.437, , , , , , , , , , , , , , , , , , , , , , , 
01.12.2019 05:56:53,412.17, , , , , , , , , , , , , , , , , , , , , , , 
01.12.2019 05:56:53,412.17, , , , , , , , , , , , , , , , , , , , , , , 
01.12.2019 04:56:53,440.323, , , , , , , , , , , , , , , , , , , , , , , 
01.12.2019 04:56:53,440.323, , , , , , , , , , , , , , , , , , , , , , , 
01.12.2019 03:56:53,468.185, , , , , , , , , , , , , , , , , , , , , , , 
01.12.2019 03:56:53,468.185, , , , , , , , , , , , , , , , , , , , , , , 
01.12.2019 02:56:53,495.621, , , , , , , , , , , , , , , , , , , , , , , 
01.12.2019 02:56:53,495.621, , , , , , , , , , , , , , , , , , , , , , , 
01.12.2019 01:56:53,523.252, , , , , , , , , , , , , , , , , , , , , , , 
01.12.2019 01:56:53,523.252, , , , , , , , , , , , , , , , , , , , , , , 
01.12.2019 00:56:53,550.512, , , , , , , , , , , , , , , , , , , , , , , 
01.12.2019 00:56:53,550.512, , , , , , , , , , , , , , , , , , , , , , , 
30.11.2019 23:56:53,577.411, , , , , , , , , , , , , , , , , , , , , , , 
30.11.2019 23:56:53,577.411, , , , , , , , , , , , , , , , , , , , , , , 
30.11.2019 22:56:53,603.836, , , , , , , , , , , , , , , , , , , , , , , 
30.11.2019 22:56:53,603.836, , , , , , , , , , , , , , , , , , , , , , , 
30.11.2019 21:56:53,629.941, , , , , , , , , , , , , , , , , , , , , , , 
30.11.2019 21:56:53,629.941, , , , , , , , , , , , , , , , , , , , , , , 
30.11.2019 20:56:53,655.875, , , , , , , , , , , , , , , , , , , , , , , 
30.11.2019 20:56:53,655.875, , , , , , , , , , , , , , , , , , , , , , , 
30.11.2019 19:56:53,681.638, , , , , , , , , , , , , , , , , , , , , , , 
30.11.2019 19:56:53,681.638, , , , , , , , , , , , , , , , , , , , , , , 
30.11.2019 18:56:53,707.429, , , , , , , , , , , , , , , , , , , , , , , 
30.11.2019 18:56:53,707.429, , , , , , , , , , , , , , , , , , , , , , , 
30.11.2019 17:56:53,733.047, , , , , , , , , , , , , , , , , , , , , , , 
30.11.2019 17:56:53,733.047, , , , , , , , , , , , , , , , , , , , , , , 
30.11.2019 16:56:53,757.498, , , , , , , , , , , , , , , , , , , , , , , 
30.11.2019 16:56:53,757.498, , , , , , , , , , , , , , , , , , , , , , , 
30.11.2019 15:56:53,770.314, , , , , , , , , , , , , , , , , , , , , , , 
30.11.2019 15:56:53,770.314, , , , , , , , , , , , , , , , , , , , , , , 
30.11.2019 14:56:53,758.434, , , , , , , , , , , , , , , , , , , , , , , 
30.11.2019 14:56:53,758.434, , , , , , , , , , , , , , , , , , , , , , , 
30.11.2019 13:56:53,718.517, , , , , , , , , , , , , , , , , , , , , , , 
30.11.2019 13:56:53,718.517, , , , , , , , , , , , , , , , , , , , , , , 
30.11.2019 12:56:53,656.281, , , , , , , , , , , , , , , , , , , , , , , 
30.11.2019 12:56:53,656.281, , , , , , , , , , , , , , , , , , , , , , , 
30.11.2019 11:56:53,581.962, , , , , , , , , , , , , , , , , , , , , , , 
30.11.2019 11:56:53,581.962, , , , , , , , , , , , , , , , , , , , , , , 
30.11.2019 10:56:53,509.443, , , , , , , , , , , , , , , , , , , , , , , 
30.11.2019 10:56:53,509.443, , , , , , , , , , , , , , , , , , , , , , , 
30.11.2019 09:56:53,444.958, , , , , , , , , , , , , , , , , , , , , , , 
30.11.2019 09:56:53,444.958, , , , , , , , , , , , , , , , , , , , , , , 
30.11.2019 08:56:53,403.806, , , , , , , , , , , , , , , , , , , , , , , 
30.11.2019 08:56:53,403.806, , , , , , , , , , , , , , , , , , , , , , , 
30.11.2019 07:56:53,394.1, , , , , , , , , , , , , , , , , , , , , , , 
30.11.2019 07:56:53,394.1, , , , , , , , , , , , , , , , , , , , , , , 
30.11.2019 06:56:53,409.967, , , , , , , , , , , , , , , , , , , , , , , 
30.11.2019 06:56:53,409.967, , , , , , , , , , , , , , , , , , , , , , , 
30.11.2019 05:56:53,437.429, , , , , , , , , , , , , , , , , , , , , , , 
30.11.2019 05:56:53,437.429, , , , , , , , , , , , , , , , , , , , , , , 
30.11.2019 04:56:53,465.798, , , , , , , , , , , , , , , , , , , , , , , 
30.11.2019 04:56:53,465.798, , , , , , , , , , , , , , , , , , , , , , , 
30.11.2019 03:56:53,493.732, , , , , , , , , , , , , , , , , , , , , , , 
30.11.2019 03:56:53,493.732, , , , , , , , , , , , , , , , , , , , , , , 
30.11.2019 02:56:53,521.322, , , , , , , , , , , , , , , , , , , , , , , 
30.11.2019 02:56:53,521.322, , , , , , , , , , , , , , , , , , , , , , , 
30.11.2019 01:56:53,548.87, , , , , , , , , , , , , , , , , , , , , , , 
30.11.2019 01:56:53,548.87, , , , , , , , , , , , , , , , , , , , , , , 
30.11.2019 00:56:53,575.97, , , , , , , , , , , , , , , , , , , , , , , 
30.11.2019 00:56:53,575.97, , , , , , , , , , , , , , , , , , , , , , , 
29.11.2019 23:56:53,602.294, , , , , , , , , , , , , , , , , , , , , , , 
29.11.2019 23:56:53,602.294, , , , , , , , , , , , , , , , , , , , , , , 
29.11.2019 22:56:53,628.5, , , , , , , , , , , , , , , , , , , , , , , 
29.11.2019 22:56:53,628.5, , , , , , , , , , , , , , , , , , , , , , , 
29.11.2019 21:56:53,654.667, , , , , , , , , , , , , , , , , , , , , , , 
29.11.2019 21:56:53,654.667, , , , , , , , , , , , , , , , , , , , , , , 
29.11.2019 20:56:53,680.717, , , , , , , , , , , , , , , , , , , , , , , 
29.11.2019 20:56:53,680.717, , , , , , , , , , , , , , , , , , , , , , , 
29.11.2019 19:56:53,706.636, , , , , , , , , , , , , , , , , , , , , , , 
29.11.2019 19:56:53,706.636, , , , , , , , , , , , , , , , , , , , , , , 
29.11.2019 18:56:53,732.57, , , , , , , , , , , , , , , , , , , , , , , 
29.11.2019 18:56:53,732.57, , , , , , , , , , , , , , , , , , , , , , , 
29.11.2019 17:56:53,758.288, , , , , , , , , , , , , , , , , , , , , , , 
29.11.2019 17:56:53,758.288, , , , , , , , , , , , , , , , , , , , , , , 
29.11.2019 16:56:53,783.017, , , , , , , , , , , , , , , , , , , , , , , 
29.11.2019 16:56:53,783.017, , , , , , , , , , , , , , , , , , , , , , , 
29.11.2019 15:56:53,796.81, , , , , , , , , , , , , , , , , , , , , , , 
29.11.2019 15:56:53,796.81, , , , , , , , , , , , , , , , , , , , , , , 
29.11.2019 14:56:53,784.338, , , , , , , , , , , , , , , , , , , , , , , 
29.11.2019 14:56:53,784.338, , , , , , , , , , , , , , , , , , , , , , , 
29.11.2019 13:56:53,744.161, , , , , , , , , , , , , , , , , , , , , , , 
29.11.2019 13:56:53,744.161, , , , , , , , , , , , , , , , , , , , , , , 
29.11.2019 12:56:53,680.502, , , , , , , , , , , , , , , , , , , , , , , 
29.11.2019 12:56:53,680.502, , , , , , , , , , , , , , , , , , , , , , , 
29.11.2019 11:56:53,611.582, , , , , , , , , , , , , , , , , , , , , , , 
29.11.2019 11:56:53,611.582, , , , , , , , , , , , , , , , , , , , , , , 
29.11.2019 10:56:53,537.422, , , , , , , , , , , , , , , , , , , , , , , 
29.11.2019 10:56:53,537.422, , , , , , , , , , , , , , , , , , , , , , , 
29.11.2019 09:56:53,473.818, , , , , , , , , , , , , , , , , , , , , , , 
29.11.2019 09:56:53,473.818, , , , , , , , , , , , , , , , , , , , , , , 
29.11.2019 08:56:53,430.991, , , , , , , , , , , , , , , , , , , , , , , 
29.11.2019 08:56:53,430.991, , , , , , , , , , , , , , , , , , , , , , , 
29.11.2019 07:56:53,419.256, , , , , , , , , , , , , , , , , , , , , , , 
29.11.2019 07:56:53,419.256, , , , , , , , , , , , , , , , , , , , , , , 
29.11.2019 06:56:53,436.721, , , , , , , , , , , , , , , , , , , , , , , 
29.11.2019 06:56:53,436.721, , , , , , , , , , , , , , , , , , , , , , , 
29.11.2019 05:56:53,464.17, , , , , , , , , , , , , , , , , , , , , , , 
29.11.2019 05:56:53,464.17, , , , , , , , , , , , , , , , , , , , , , , 
29.11.2019 04:56:53,492.193, , , , , , , , , , , , , , , , , , , , , , , 
29.11.2019 04:56:53,492.193, , , , , , , , , , , , , , , , , , , , , , , 
29.11.2019 03:56:53,520.07, , , , , , , , , , , , , , , , , , , , , , , 
29.11.2019 03:56:53,520.07, , , , , , , , , , , , , , , , , , , , , , , 
29.11.2019 02:56:53,547.66, , , , , , , , , , , , , , , , , , , , , , , 
29.11.2019 02:56:53,547.66, , , , , , , , , , , , , , , , , , , , , , , 
29.11.2019 01:56:53,574.862, , , , , , , , , , , , , , , , , , , , , , , 
29.11.2019 01:56:53,574.862, , , , , , , , , , , , , , , , , , , , , , , 
29.11.2019 00:56:53,601.705, , , , , , , , , , , , , , , , , , , , , , , 
29.11.2019 00:56:53,601.705, , , , , , , , , , , , , , , , , , , , , , , 
28.11.2019 23:56:53,628.301, , , , , , , , , , , , , , , , , , , , , , , 
28.11.2019 23:56:53,628.301, , , , , , , , , , , , , , , , , , , , , , , 
28.11.2019 22:56:53,654.466, , , , , , , , , , , , , , , , , , , , , , , 
28.11.2019 22:56:53,654.466, , , , , , , , , , , , , , , , , , , , , , , 
28.11.2019 21:56:53,680.341, , , , , , , , , , , , , , , , , , , , , , , 
28.11.2019 21:56:53,680.341, , , , , , , , , , , , , , , , , , , , , , , 
28.11.2019 20:56:53,706.232, , , , , , , , , , , , , , , , , , , , , , , 
28.11.2019 20:56:53,706.232, , , , , , , , , , , , , , , , , , , , , , , 
28.11.2019 19:56:53,732.14, , , , , , , , , , , , , , , , , , , , , , , 
28.11.2019 19:56:53,732.14, , , , , , , , , , , , , , , , , , , , , , , 
28.11.2019 18:56:53,757.194, , , , , , , , , , , , , , , , , , , , , , , 
28.11.2019 18:56:53,757.194, , , , , , , , , , , , , , , , , , , , , , , 
28.11.2019 17:56:53,781.287, , , , , , , , , , , , , , , , , , , , , , , 
28.11.2019 17:56:53,781.287, , , , , , , , , , , , , , , , , , , , , , , 
28.11.2019 16:56:53,804.743, , , , , , , , , , , , , , , , , , , , , , , 
28.11.2019 16:56:53,804.743, , , , , , , , , , , , , , , , , , , , , , , 
28.11.2019 15:56:53,816.609, , , , , , , , , , , , , , , , , , , , , , , 
28.11.2019 15:56:53,816.609, , , , , , , , , , , , , , , , , , , , , , , 
28.11.2019 14:56:53,801.085, , , , , , , , , , , , , , , , , , , , , , , 
28.11.2019 14:56:53,801.085, , , , , , , , , , , , , , , , , , , , , , , 
28.11.2019 13:56:53,756.952, , , , , , , , , , , , , , , , , , , , , , , 
28.11.2019 13:56:53,756.952, , , , , , , , , , , , , , , , , , , , , , , 
28.11.2019 12:56:53,693.16, , , , , , , , , , , , , , , , , , , , , , , 
28.11.2019 12:56:53,693.16, , , , , , , , , , , , , , , , , , , , , , , 
28.11.2019 11:56:53,616.969, , , , , , , , , , , , , , , , , , , , , , , 
28.11.2019 11:56:53,616.969, , , , , , , , , , , , , , , , , , , , , , , 
28.11.2019 10:56:53,539.238, , , , , , , , , , , , , , , , , , , , , , , 
28.11.2019 10:56:53,539.238, , , , , , , , , , , , , , , , , , , , , , , 
28.11.2019 09:56:53,472.924, , , , , , , , , , , , , , , , , , , , , , , 
28.11.2019 09:56:53,472.924, , , , , , , , , , , , , , , , , , , , , , , 
28.11.2019 08:56:53,430.532, , , , , , , , , , , , , , , , , , , , , , , 
28.11.2019 08:56:53,430.532, , , , , , , , , , , , , , , , , , , , , , , 
28.11.2019 07:56:53,416.892, , , , , , , , , , , , , , , , , , , , , , , 
28.11.2019 07:56:53,416.892, , , , , , , , , , , , , , , , , , , , , , , 
28.11.2019 06:56:53,433.424, , , , , , , , , , , , , , , , , , , , , , , 
28.11.2019 06:56:53,433.424, , , , , , , , , , , , , , , , , , , , , , , 
28.11.2019 05:56:53,460.73, , , , , , , , , , , , , , , , , , , , , , , 
28.11.2019 05:56:53,460.73, , , , , , , , , , , , , , , , , , , , , , , 
28.11.2019 04:56:53,488.607, , , , , , , , , , , , , , , , , , , , , , , 
28.11.2019 04:56:53,488.607, , , , , , , , , , , , , , , , , , , , , , , 
28.11.2019 03:56:53,516.614, , , , , , , , , , , , , , , , , , , , , , , 
28.11.2019 03:56:53,516.614, , , , , , , , , , , , , , , , , , , , , , , 
28.11.2019 02:56:53,544.318, , , , , , , , , , , , , , , , , , , , , , , 
28.11.2019 02:56:53,544.318, , , , , , , , , , , , , , , , , , , , , , , 
28.11.2019 01:56:53,571.664, , , , , , , , , , , , , , , , , , , , , , , 
28.11.2019 01:56:53,571.664, , , , , , , , , , , , , , , , , , , , , , , 
28.11.2019 00:56:53,598.622, , , , , , , , , , , , , , , , , , , , , , , 
28.11.2019 00:56:53,598.622, , , , , , , , , , , , , , , , , , , , , , , 
27.11.2019 23:56:53,625.218, , , , , , , , , , , , , , , , , , , , , , , 
27.11.2019 23:56:53,625.218, , , , , , , , , , , , , , , , , , , , , , , 
27.11.2019 22:56:53,651.756, , , , , , , , , , , , , , , , , , , , , , , 
27.11.2019 22:56:53,651.756, , , , , , , , , , , , , , , , , , , , , , , 
27.11.2019 21:56:53,677.864, , , , , , , , , , , , , , , , , , , , , , , 
27.11.2019 21:56:53,677.864, , , , , , , , , , , , , , , , , , , , , , , 
27.11.2019 20:56:53,703.813, , , , , , , , , , , , , , , , , , , , , , , 
27.11.2019 20:56:53,703.813, , , , , , , , , , , , , , , , , , , , , , , 
27.11.2019 19:56:53,729.88, , , , , , , , , , , , , , , , , , , , , , , 
27.11.2019 19:56:53,729.88, , , , , , , , , , , , , , , , , , , , , , , 
27.11.2019 18:56:53,755.754, , , , , , , , , , , , , , , , , , , , , , , 
27.11.2019 18:56:53,755.754, , , , , , , , , , , , , , , , , , , , , , , 
27.11.2019 17:56:53,781.271, , , , , , , , , , , , , , , , , , , , , , , 
27.11.2019 17:56:53,781.271, , , , , , , , , , , , , , , , , , , , , , , 
27.11.2019 16:56:53,805.478, , , , , , , , , , , , , , , , , , , , , , , 
27.11.2019 16:56:53,805.478, , , , , , , , , , , , , , , , , , , , , , , 
27.11.2019 15:56:53,816.984, , , , , , , , , , , , , , , , , , , , , , , 
27.11.2019 15:56:53,816.984, , , , , , , , , , , , , , , , , , , , , , , 
27.11.2019 14:56:53,803.476, , , , , , , , , , , , , , , , , , , , , , , 
27.11.2019 14:56:53,803.476, , , , , , , , , , , , , , , , , , , , , , , 
27.11.2019 13:56:53,763.876, , , , , , , , , , , , , , , , , , , , , , , 
27.11.2019 13:56:53,763.876, , , , , , , , , , , , , , , , , , , , , , , 
27.11.2019 12:56:53,702.258, , , , , , , , , , , , , , , , , , , , , , , 
27.11.2019 12:56:53,702.258, , , , , , , , , , , , , , , , , , , , , , , 
27.11.2019 11:56:53,634.335, , , , , , , , , , , , , , , , , , , , , , , 
27.11.2019 11:56:53,634.335, , , , , , , , , , , , , , , , , , , , , , , 
27.11.2019 10:56:53,563.256, , , , , , , , , , , , , , , , , , , , , , , 
27.11.2019 10:56:53,563.256, , , , , , , , , , , , , , , , , , , , , , , 
27.11.2019 09:56:53,499.162, , , , , , , , , , , , , , , , , , , , , , , 
27.11.2019 09:56:53,499.162, , , , , , , , , , , , , , , , , , , , , , , 
27.11.2019 08:56:53,460.022, , , , , , , , , , , , , , , , , , , , , , , 
27.11.2019 08:56:53,460.022, , , , , , , , , , , , , , , , , , , , , , , 
27.11.2019 07:56:53,448.156, , , , , , , , , , , , , , , , , , , , , , , 
27.11.2019 07:56:53,448.156, , , , , , , , , , , , , , , , , , , , , , , 
27.11.2019 06:56:53,463.276, , , , , , , , , , , , , , , , , , , , , , , 
27.11.2019 06:56:53,463.276, , , , , , , , , , , , , , , , , , , , , , , 
27.11.2019 05:56:53,489.703, , , , , , , , , , , , , , , , , , , , , , , 
27.11.2019 05:56:53,489.703, , , , , , , , , , , , , , , , , , , , , , , 
27.11.2019 04:56:53,517.796, , , , , , , , , , , , , , , , , , , , , , , 
27.11.2019 04:56:53,517.796, , , , , , , , , , , , , , , , , , , , , , , 
27.11.2019 03:56:53,545.299, , , , , , , , , , , , , , , , , , , , , , , 
27.11.2019 03:56:53,545.299, , , , , , , , , , , , , , , , , , , , , , , 
27.11.2019 02:56:53,572.543, , , , , , , , , , , , , , , , , , , , , , , 
27.11.2019 02:56:53,572.543, , , , , , , , , , , , , , , , , , , , , , , 
27.11.2019 01:56:53,599.472, , , , , , , , , , , , , , , , , , , , , , , 
27.11.2019 01:56:53,599.472, , , , , , , , , , , , , , , , , , , , , , , 
27.11.2019 00:56:53,625.925, , , , , , , , , , , , , , , , , , , , , , , 
27.11.2019 00:56:53,625.925, , , , , , , , , , , , , , , , , , , , , , , 
26.11.2019 23:56:53,652.364, , , , , , , , , , , , , , , , , , , , , , , 
26.11.2019 23:56:53,652.364, , , , , , , , , , , , , , , , , , , , , , , 
26.11.2019 22:56:53,678.498, , , , , , , , , , , , , , , , , , , , , , , 
26.11.2019 22:56:53,678.498, , , , , , , , , , , , , , , , , , , , , , , 
26.11.2019 21:56:53,704.507, , , , , , , , , , , , , , , , , , , , , , , 
26.11.2019 21:56:53,704.507, , , , , , , , , , , , , , , , , , , , , , , 
26.11.2019 20:56:53,730.77, , , , , , , , , , , , , , , , , , , , , , , 
26.11.2019 20:56:53,730.77, , , , , , , , , , , , , , , , , , , , , , , 
26.11.2019 19:56:53,756.822, , , , , , , , , , , , , , , , , , , , , , , 
26.11.2019 19:56:53,756.822, , , , , , , , , , , , , , , , , , , , , , , 
26.11.2019 18:56:53,782.178, , , , , , , , , , , , , , , , , , , , , , , 
26.11.2019 18:56:53,782.178, , , , , , , , , , , , , , , , , , , , , , , 
26.11.2019 17:56:53,807.335, , , , , , , , , , , , , , , , , , , , , , , 
26.11.2019 17:56:53,807.335, , , , , , , , , , , , , , , , , , , , , , , 
26.11.2019 16:56:53,830.837, , , , , , , , , , , , , , , , , , , , , , , 
26.11.2019 16:56:53,830.837, , , , , , , , , , , , , , , , , , , , , , , 
26.11.2019 15:56:53,842.112, , , , , , , , , , , , , , , , , , , , , , , 
26.11.2019 15:56:53,842.112, , , , , , , , , , , , , , , , , , , , , , , 
26.11.2019 14:56:53,827.599, , , , , , , , , , , , , , , , , , , , , , , 
26.11.2019 14:56:53,827.599, , , , , , , , , , , , , , , , , , , , , , , 
26.11.2019 13:56:53,786.528, , , , , , , , , , , , , , , , , , , , , , , 
26.11.2019 13:56:53,786.528, , , , , , , , , , , , , , , , , , , , , , , 
26.11.2019 12:56:53,722.449, , , , , , , , , , , , , , , , , , , , , , , 
26.11.2019 12:56:53,722.449, , , , , , , , , , , , , , , , , , , , , , , 
26.11.2019 11:56:53,647.439, , , , , , , , , , , , , , , , , , , , , , , 
26.11.2019 11:56:53,647.439, , , , , , , , , , , , , , , , , , , , , , , 
26.11.2019 10:56:53,570.742, , , , , , , , , , , , , , , , , , , , , , , 
26.11.2019 10:56:53,570.742, , , , , , , , , , , , , , , , , , , , , , , 
26.11.2019 09:56:53,506.319, , , , , , , , , , , , , , , , , , , , , , , 
26.11.2019 09:56:53,506.319, , , , , , , , , , , , , , , , , , , , , , , 
26.11.2019 08:56:53,459.821, , , , , , , , , , , , , , , , , , , , , , , 
26.11.2019 08:56:53,459.821, , , , , , , , , , , , , , , , , , , , , , , 
26.11.2019 07:56:53,447.654, , , , , , , , , , , , , , , , , , , , , , , 
26.11.2019 07:56:53,447.654, , , , , , , , , , , , , , , , , , , , , , , 
26.11.2019 06:56:53,460.296, , , , , , , , , , , , , , , , , , , , , , , 
26.11.2019 06:56:53,460.296, , , , , , , , , , , , , , , , , , , , , , , 
26.11.2019 05:56:53,485.873, , , , , , , , , , , , , , , , , , , , , , , 
26.11.2019 05:56:53,485.873, , , , , , , , , , , , , , , , , , , , , , , 
26.11.2019 04:56:53,512.451, , , , , , , , , , , , , , , , , , , , , , , 
26.11.2019 04:56:53,512.451, , , , , , , , , , , , , , , , , , , , , , , 
26.11.2019 03:56:53,538.719, , , , , , , , , , , , , , , , , , , , , , , 
26.11.2019 03:56:53,538.719, , , , , , , , , , , , , , , , , , , , , , , 
26.11.2019 02:56:53,564.637, , , , , , , , , , , , , , , , , , , , , , , 
26.11.2019 02:56:53,564.637, , , , , , , , , , , , , , , , , , , , , , , 
26.11.2019 01:56:53,590.214, , , , , , , , , , , , , , , , , , , , , , , 
26.11.2019 01:56:53,590.214, , , , , , , , , , , , , , , , , , , , , , , 
26.11.2019 00:56:53,615.34, , , , , , , , , , , , , , , , , , , , , , , 
26.11.2019 00:56:53,615.34, , , , , , , , , , , , , , , , , , , , , , , 
25.11.2019 23:56:53,640.672, , , , , , , , , , , , , , , , , , , , , , , 
25.11.2019 23:56:53,640.672, , , , , , , , , , , , , , , , , , , , , , , 
25.11.2019 22:56:53,665.595, , , , , , , , , , , , , , , , , , , , , , , 
25.11.2019 22:56:53,665.595, , , , , , , , , , , , , , , , , , , , , , , 
25.11.2019 21:56:53,690.106, , , , , , , , , , , , , , , , , , , , , , , 
25.11.2019 21:56:53,690.106, , , , , , , , , , , , , , , , , , , , , , , 
25.11.2019 20:56:53,714.428, , , , , , , , , , , , , , , , , , , , , , , 
25.11.2019 20:56:53,714.428, , , , , , , , , , , , , , , , , , , , , , , 
25.11.2019 19:56:53,739.485, , , , , , , , , , , , , , , , , , , , , , , 
25.11.2019 19:56:53,739.485, , , , , , , , , , , , , , , , , , , , , , , 
25.11.2019 18:56:53,763.661, , , , , , , , , , , , , , , , , , , , , , , 
25.11.2019 18:56:53,763.661, , , , , , , , , , , , , , , , , , , , , , , 
25.11.2019 17:56:53,787.537, , , , , , , , , , , , , , , , , , , , , , , 
25.11.2019 17:56:53,787.537, , , , , , , , , , , , , , , , , , , , , , , 
25.11.2019 16:56:53,811.425, , , , , , , , , , , , , , , , , , , , , , , 
25.11.2019 16:56:53,811.425, , , , , , , , , , , , , , , , , , , , , , , 
25.11.2019 15:56:53,824.715, , , , , , , , , , , , , , , , , , , , , , , 
25.11.2019 15:56:53,824.715, , , , , , , , , , , , , , , , , , , , , , , 
25.11.2019 14:56:53,810.302, , , , , , , , , , , , , , , , , , , , , , , 
25.11.2019 14:56:53,810.302, , , , , , , , , , , , , , , , , , , , , , , 
25.11.2019 13:56:53,768.556, , , , , , , , , , , , , , , , , , , , , , , 
25.11.2019 13:56:53,768.556, , , , , , , , , , , , , , , , , , , , , , , 
25.11.2019 12:56:53,739.513, , , , , , , , , , , , , , , , , , , , , , , 
25.11.2019 12:56:53,739.513, , , , , , , , , , , , , , , , , , , , , , , 
25.11.2019 11:56:53,703.829, , , , , , , , , , , , , , , , , , , , , , , 
25.11.2019 11:56:53,703.829, , , , , , , , , , , , , , , , , , , , , , , 
25.11.2019 10:56:53,639.851, , , , , , , , , , , , , , , , , , , , , , , 
25.11.2019 10:56:53,639.851, , , , , , , , , , , , , , , , , , , , , , , 
25.11.2019 09:56:53,593.453, , , , , , , , , , , , , , , , , , , , , , , 
25.11.2019 09:56:53,593.453, , , , , , , , , , , , , , , , , , , , , , , 
25.11.2019 08:56:53,555.566, , , , , , , , , , , , , , , , , , , , , , , 
25.11.2019 08:56:53,555.566, , , , , , , , , , , , , , , , , , , , , , , 
25.11.2019 07:56:53,543.644, , , , , , , , , , , , , , , , , , , , , , , 
25.11.2019 07:56:53,543.644, , , , , , , , , , , , , , , , , , , , , , , 
25.11.2019 07:56:53,543.644, , , , , , , , , , , , , , , , , , , , , , , 
25.11.2019 07:56:53,543.644, , , , , , , , , , , , , , , , , , , , , , , 
25.11.2019 07:56:53,543.644, , , , , , , , , , , , , , , , , , , , , , , 
25.11.2019 07:56:53,543.644, , , , , , , , , , , , , , , , , , , , , , , 
25.11.2019 07:56:53,543.644, , , , , , , , , , , , , , , , , , , , , , , 
25.11.2019 07:56:53,543.644, , , , , , , , , , , , , , , , , , , , , , , 
25.11.2019 07:56:53,543.644, , , , , , , , , , , , , , , , , , , , , , , 
25.11.2019 07:56:53,543.644, , , , , , , , , , , , , , , , , , , , , , , 
25.11.2019 06:56:53,561.845, , , , , , , , , , , , , , , , , , , , , , , 
25.11.2019 06:56:53,561.845, , , , , , , , , , , , , , , , , , , , , , , 
25.11.2019 05:56:53,587.606, , , , , , , , , , , , , , , , , , , , , , , 
25.11.2019 05:56:53,587.606, , , , , , , , , , , , , , , , , , , , , , , 
25.11.2019 04:56:53,613.942, , , , , , , , , , , , , , , , , , , , , , , 
25.11.2019 04:56:53,613.942, , , , , , , , , , , , , , , , , , , , , , , 
25.11.2019 03:56:53,640.54, , , , , , , , , , , , , , , , , , , , , , , 
25.11.2019 03:56:53,640.54, , , , , , , , , , , , , , , , , , , , , , , 
25.11.2019 02:56:53,666.676, , , , , , , , , , , , , , , , , , , , , , , 
25.11.2019 02:56:53,666.676, , , , , , , , , , , , , , , , , , , , , , , 
25.11.2019 01:56:53,692.942, , , , , , , , , , , , , , , , , , , , , , , 
25.11.2019 01:56:53,692.942, , , , , , , , , , , , , , , , , , , , , , , 
25.11.2019 00:56:53,718.82, , , , , , , , , , , , , , , , , , , , , , , 
25.11.2019 00:56:53,718.82, , , , , , , , , , , , , , , , , , , , , , , 
24.11.2019 23:56:53,744.882, , , , , , , , , , , , , , , , , , , , , , , 
24.11.2019 23:56:53,744.882, , , , , , , , , , , , , , , , , , , , , , , 
24.11.2019 22:56:53,770.429, , , , , , , , , , , , , , , , , , , , , , , 
24.11.2019 22:56:53,770.429, , , , , , , , , , , , , , , , , , , , , , , 
24.11.2019 21:56:53,795.959, , , , , , , , , , , , , , , , , , , , , , , 
24.11.2019 21:56:53,795.959, , , , , , , , , , , , , , , , , , , , , , , 
24.11.2019 21:56:53,795.959, , , , , , , , , , , , , , , , , , , , , , , 
24.11.2019 21:56:53,795.959, , , , , , , , , , , , , , , , , , , , , , , 
24.11.2019 20:56:53,821.161, , , , , , , , , , , , , , , , , , , , , , , 
24.11.2019 20:56:53,821.161, , , , , , , , , , , , , , , , , , , , , , , 
24.11.2019 19:56:53,846.892, , , , , , , , , , , , , , , , , , , , , , , 
24.11.2019 19:56:53,846.892, , , , , , , , , , , , , , , , , , , , , , , 
24.11.2019 18:56:53,871.747, , , , , , , , , , , , , , , , , , , , , , , 
24.11.2019 18:56:53,871.747, , , , , , , , , , , , , , , , , , , , , , , 
24.11.2019 17:56:53,896.358, , , , , , , , , , , , , , , , , , , , , , , 
24.11.2019 17:56:53,896.358, , , , , , , , , , , , , , , , , , , , , , , 
24.11.2019 16:56:53,920.593, , , , , , , , , , , , , , , , , , , , , , , 
24.11.2019 16:56:53,920.593, , , , , , , , , , , , , , , , , , , , , , , 
24.11.2019 15:56:53,933.782, , , , , , , , , , , , , , , , , , , , , , , 
24.11.2019 15:56:53,933.782, , , , , , , , , , , , , , , , , , , , , , , 
24.11.2019 14:56:53,932.083, , , , , , , , , , , , , , , , , , , , , , , 
24.11.2019 14:56:53,932.083, , , , , , , , , , , , , , , , , , , , , , , 
24.11.2019 13:56:53,905.399, , , , , , , , , , , , , , , , , , , , , , , 
24.11.2019 13:56:53,905.399, , , , , , , , , , , , , , , , , , , , , , , 
24.11.2019 12:56:53,845.337, , , , , , , , , , , , , , , , , , , , , , , 
24.11.2019 12:56:53,845.337, , , , , , , , , , , , , , , , , , , , , , , 
24.11.2019 11:56:53,774.836, , , , , , , , , , , , , , , , , , , , , , , 
24.11.2019 11:56:53,774.836, , , , , , , , , , , , , , , , , , , , , , , 
24.11.2019 10:56:53,699.883, , , , , , , , , , , , , , , , , , , , , , , 
24.11.2019 10:56:53,699.883, , , , , , , , , , , , , , , , , , , , , , , 
24.11.2019 09:56:53,655.114, , , , , , , , , , , , , , , , , , , , , , , 
24.11.2019 09:56:53,655.114, , , , , , , , , , , , , , , , , , , , , , , 
24.11.2019 08:56:53,656.31, , , , , , , , , , , , , , , , , , , , , , , 
24.11.2019 08:56:53,656.31, , , , , , , , , , , , , , , , , , , , , , , 
24.11.2019 07:56:53,657.13, , , , , , , , , , , , , , , , , , , , , , , 
24.11.2019 07:56:53,657.13, , , , , , , , , , , , , , , , , , , , , , , 
24.11.2019 06:56:53,651.499, , , , , , , , , , , , , , , , , , , , , , , 
24.11.2019 06:56:53,651.499, , , , , , , , , , , , , , , , , , , , , , , 
24.11.2019 05:56:53,663.005, , , , , , , , , , , , , , , , , , , , , , , 
24.11.2019 05:56:53,663.005, , , , , , , , , , , , , , , , , , , , , , , 
24.11.2019 04:56:53,675.491, , , , , , , , , , , , , , , , , , , , , , , 
24.11.2019 04:56:53,675.491, , , , , , , , , , , , , , , , , , , , , , , 
24.11.2019 03:56:53,687.96, , , , , , , , , , , , , , , , , , , , , , , 
24.11.2019 03:56:53,687.96, , , , , , , , , , , , , , , , , , , , , , , 
24.11.2019 02:56:53,700.517, , , , , , , , , , , , , , , , , , , , , , , 
24.11.2019 02:56:53,700.517, , , , , , , , , , , , , , , , , , , , , , , 
24.11.2019 01:56:53,712.815, , , , , , , , , , , , , , , , , , , , , , , 
24.11.2019 01:56:53,712.815, , , , , , , , , , , , , , , , , , , , , , , 
24.11.2019 00:56:53,725.012, , , , , , , , , , , , , , , , , , , , , , , 
24.11.2019 00:56:53,725.012, , , , , , , , , , , , , , , , , , , , , , , 
23.11.2019 23:56:53,738.115, , , , , , , , , , , , , , , , , , , , , , , 
23.11.2019 23:56:53,738.115, , , , , , , , , , , , , , , , , , , , , , , 
23.11.2019 22:56:53,750.543, , , , , , , , , , , , , , , , , , , , , , , 
23.11.2019 22:56:53,750.543, , , , , , , , , , , , , , , , , , , , , , , 
23.11.2019 21:56:53,762.81, , , , , , , , , , , , , , , , , , , , , , , 
23.11.2019 21:56:53,762.81, , , , , , , , , , , , , , , , , , , , , , , 
23.11.2019 20:56:53,780.667, , , , , , , , , , , , , , , , , , , , , , , 
23.11.2019 20:56:53,780.667, , , , , , , , , , , , , , , , , , , , , , , 
23.11.2019 19:56:53,809.798, , , , , , , , , , , , , , , , , , , , , , , 
23.11.2019 19:56:53,809.798, , , , , , , , , , , , , , , , , , , , , , , 
23.11.2019 18:56:53,821.635, , , , , , , , , , , , , , , , , , , , , , , 
23.11.2019 18:56:53,821.635, , , , , , , , , , , , , , , , , , , , , , , 
23.11.2019 17:56:53,831.903, , , , , , , , , , , , , , , , , , , , , , , 
23.11.2019 17:56:53,831.903, , , , , , , , , , , , , , , , , , , , , , , 
23.11.2019 16:56:53,840.052, , , , , , , , , , , , , , , , , , , , , , , 
23.11.2019 16:56:53,840.052, , , , , , , , , , , , , , , , , , , , , , , 
23.11.2019 15:56:53,841.017, , , , , , , , , , , , , , , , , , , , , , , 
23.11.2019 15:56:53,841.017, , , , , , , , , , , , , , , , , , , , , , , 
23.11.2019 14:56:53,817.617, , , , , , , , , , , , , , , , , , , , , , , 
23.11.2019 14:56:53,817.617, , , , , , , , , , , , , , , , , , , , , , , 
23.11.2019 13:56:53,769.335, , , , , , , , , , , , , , , , , , , , , , , 
23.11.2019 13:56:53,769.335, , , , , , , , , , , , , , , , , , , , , , , 
23.11.2019 12:56:53,700.589, , , , , , , , , , , , , , , , , , , , , , , 
23.11.2019 12:56:53,700.589, , , , , , , , , , , , , , , , , , , , , , , 
23.11.2019 11:56:53,625.782, , , , , , , , , , , , , , , , , , , , , , , 
23.11.2019 11:56:53,625.782, , , , , , , , , , , , , , , , , , , , , , , 
23.11.2019 10:56:53,543.7, , , , , , , , , , , , , , , , , , , , , , , 
23.11.2019 10:56:53,543.7, , , , , , , , , , , , , , , , , , , , , , , 
23.11.2019 09:56:53,468.618, , , , , , , , , , , , , , , , , , , , , , , 
23.11.2019 09:56:53,468.618, , , , , , , , , , , , , , , , , , , , , , , 
23.11.2019 08:56:53,414.504, , , , , , , , , , , , , , , , , , , , , , , 
23.11.2019 08:56:53,414.504, , , , , , , , , , , , , , , , , , , , , , , 
23.11.2019 07:56:53,403.402, , , , , , , , , , , , , , , , , , , , , , , 
23.11.2019 07:56:53,403.402, , , , , , , , , , , , , , , , , , , , , , , 
23.11.2019 06:56:53,408.587, , , , , , , , , , , , , , , , , , , , , , , 
23.11.2019 06:56:53,408.587, , , , , , , , , , , , , , , , , , , , , , , 
23.11.2019 05:56:53,421.646, , , , , , , , , , , , , , , , , , , , , , , 
23.11.2019 05:56:53,421.646, , , , , , , , , , , , , , , , , , , , , , , 
23.11.2019 04:56:53,435.097, , , , , , , , , , , , , , , , , , , , , , , 
23.11.2019 04:56:53,435.097, , , , , , , , , , , , , , , , , , , , , , , 
23.11.2019 03:56:53,448.488, , , , , , , , , , , , , , , , , , , , , , , 
23.11.2019 03:56:53,448.488, , , , , , , , , , , , , , , , , , , , , , , 
23.11.2019 02:56:53,461.879, , , , , , , , , , , , , , , , , , , , , , , 
23.11.2019 02:56:53,461.879, , , , , , , , , , , , , , , , , , , , , , , 
23.11.2019 01:56:53,475.473, , , , , , , , , , , , , , , , , , , , , , , 
23.11.2019 01:56:53,475.473, , , , , , , , , , , , , , , , , , , , , , , 
23.11.2019 00:56:53,487.599, , , , , , , , , , , , , , , , , , , , , , , 
23.11.2019 00:56:53,487.599, , , , , , , , , , , , , , , , , , , , , , , 
22.11.2019 23:56:53,499.522, , , , , , , , , , , , , , , , , , , , , , , 
22.11.2019 23:56:53,499.522, , , , , , , , , , , , , , , , , , , , , , , 
22.11.2019 22:56:53,511.707, , , , , , , , , , , , , , , , , , , , , , , 
22.11.2019 22:56:53,511.707, , , , , , , , , , , , , , , , , , , , , , , 
22.11.2019 21:56:53,524.073, , , , , , , , , , , , , , , , , , , , , , , 
22.11.2019 21:56:53,524.073, , , , , , , , , , , , , , , , , , , , , , , 
22.11.2019 20:56:53,536.098, , , , , , , , , , , , , , , , , , , , , , , 
22.11.2019 20:56:53,536.098, , , , , , , , , , , , , , , , , , , , , , , 
22.11.2019 19:56:53,548.105, , , , , , , , , , , , , , , , , , , , , , , 
22.11.2019 19:56:53,548.105, , , , , , , , , , , , , , , , , , , , , , , 
22.11.2019 18:56:53,560.031, , , , , , , , , , , , , , , , , , , , , , , 
22.11.2019 18:56:53,560.031, , , , , , , , , , , , , , , , , , , , , , , 
22.11.2019 17:56:53,571.895, , , , , , , , , , , , , , , , , , , , , , , 
22.11.2019 17:56:53,571.895, , , , , , , , , , , , , , , , , , , , , , , 
22.11.2019 16:56:53,583.026, , , , , , , , , , , , , , , , , , , , , , , 
22.11.2019 16:56:53,583.026, , , , , , , , , , , , , , , , , , , , , , , 
22.11.2019 15:56:53,584.913, , , , , , , , , , , , , , , , , , , , , , , 
22.11.2019 15:56:53,584.913, , , , , , , , , , , , , , , , , , , , , , , 
22.11.2019 14:56:53,578.592, , , , , , , , , , , , , , , , , , , , , , , 
22.11.2019 14:56:53,578.592, , , , , , , , , , , , , , , , , , , , , , , 
22.11.2019 13:56:53,534.557, , , , , , , , , , , , , , , , , , , , , , , 
22.11.2019 13:56:53,534.557, , , , , , , , , , , , , , , , , , , , , , , 
22.11.2019 12:56:53,473.141, , , , , , , , , , , , , , , , , , , , , , , 
22.11.2019 12:56:53,473.141, , , , , , , , , , , , , , , , , , , , , , , 
22.11.2019 11:56:53,432.316, , , , , , , , , , , , , , , , , , , , , , , 
22.11.2019 11:56:53,432.316, , , , , , , , , , , , , , , , , , , , , , , 
22.11.2019 10:56:53,362.707, , , , , , , , , , , , , , , , , , , , , , , 
22.11.2019 10:56:53,362.707, , , , , , , , , , , , , , , , , , , , , , , 
22.11.2019 09:56:53,317.419, , , , , , , , , , , , , , , , , , , , , , , 
22.11.2019 09:56:53,317.419, , , , , , , , , , , , , , , , , , , , , , , 
22.11.2019 08:56:53,276.912, , , , , , , , , , , , , , , , , , , , , , , 
22.11.2019 08:56:53,276.912, , , , , , , , , , , , , , , , , , , , , , , 
22.11.2019 07:56:53,256.061, , , , , , , , , , , , , , , , , , , , , , , 
22.11.2019 07:56:53,256.061, , , , , , , , , , , , , , , , , , , , , , , 
22.11.2019 06:56:53,257.099, , , , , , , , , , , , , , , , , , , , , , , 
22.11.2019 06:56:53,257.099, , , , , , , , , , , , , , , , , , , , , , , 
22.11.2019 05:56:53,270.835, , , , , , , , , , , , , , , , , , , , , , , 
22.11.2019 05:56:53,270.835, , , , , , , , , , , , , , , , , , , , , , , 
22.11.2019 04:56:53,285.525, , , , , , , , , , , , , , , , , , , , , , , 
22.11.2019 04:56:53,285.525, , , , , , , , , , , , , , , , , , , , , , , 
22.11.2019 03:56:53,299.706, , , , , , , , , , , , , , , , , , , , , , , 
22.11.2019 03:56:53,299.706, , , , , , , , , , , , , , , , , , , , , , , 
22.11.2019 02:56:53,313.935, , , , , , , , , , , , , , , , , , , , , , , 
22.11.2019 02:56:53,313.935, , , , , , , , , , , , , , , , , , , , , , , 
22.11.2019 01:56:53,328.03, , , , , , , , , , , , , , , , , , , , , , , 
22.11.2019 01:56:53,328.03, , , , , , , , , , , , , , , , , , , , , , , 
22.11.2019 00:56:53,342.217, , , , , , , , , , , , , , , , , , , , , , , 
22.11.2019 00:56:53,342.217, , , , , , , , , , , , , , , , , , , , , , , 
21.11.2019 23:56:53,356.054, , , , , , , , , , , , , , , , , , , , , , , 
21.11.2019 23:56:53,356.054, , , , , , , , , , , , , , , , , , , , , , , 
21.11.2019 22:56:53,369.965, , , , , , , , , , , , , , , , , , , , , , , 
21.11.2019 22:56:53,369.965, , , , , , , , , , , , , , , , , , , , , , , 
21.11.2019 21:56:53,383.572, , , , , , , , , , , , , , , , , , , , , , , 
21.11.2019 21:56:53,383.572, , , , , , , , , , , , , , , , , , , , , , , 
21.11.2019 20:56:53,397.468, , , , , , , , , , , , , , , , , , , , , , , 
21.11.2019 20:56:53,397.468, , , , , , , , , , , , , , , , , , , , , , , 
21.11.2019 19:56:53,411.508, , , , , , , , , , , , , , , , , , , , , , , 
21.11.2019 19:56:53,411.508, , , , , , , , , , , , , , , , , , , , , , , 
21.11.2019 18:56:53,429.451, , , , , , , , , , , , , , , , , , , , , , , 
21.11.2019 18:56:53,429.451, , , , , , , , , , , , , , , , , , , , , , , 
21.11.2019 17:56:53,457.819, , , , , , , , , , , , , , , , , , , , , , , 
21.11.2019 17:56:53,457.819, , , , , , , , , , , , , , , , , , , , , , , 
21.11.2019 16:56:53,485.725, , , , , , , , , , , , , , , , , , , , , , , 
21.11.2019 16:56:53,485.725, , , , , , , , , , , , , , , , , , , , , , , 
21.11.2019 15:56:53,510.436, , , , , , , , , , , , , , , , , , , , , , , 
21.11.2019 15:56:53,510.436, , , , , , , , , , , , , , , , , , , , , , , 
21.11.2019 14:56:53,528.38, , , , , , , , , , , , , , , , , , , , , , , 
21.11.2019 14:56:53,528.38, , , , , , , , , , , , , , , , , , , , , , , 
21.11.2019 13:56:53,531, , , , , , , , , , , , , , , , , , , , , , , 
21.11.2019 13:56:53,531, , , , , , , , , , , , , , , , , , , , , , , 
21.11.2019 12:56:53,503.899, , , , , , , , , , , , , , , , , , , , , , , 
21.11.2019 12:56:53,503.899, , , , , , , , , , , , , , , , , , , , , , , 
21.11.2019 11:56:53,482.17, , , , , , , , , , , , , , , , , , , , , , , 
21.11.2019 11:56:53,482.17, , , , , , , , , , , , , , , , , , , , , , , 
21.11.2019 10:56:53,456.204, , , , , , , , , , , , , , , , , , , , , , , 
21.11.2019 10:56:53,456.204, , , , , , , , , , , , , , , , , , , , , , , 
21.11.2019 09:56:53,423.286, , , , , , , , , , , , , , , , , , , , , , , 
21.11.2019 09:56:53,423.286, , , , , , , , , , , , , , , , , , , , , , , 
21.11.2019 08:56:53,381.758, , , , , , , , , , , , , , , , , , , , , , , 
21.11.2019 08:56:53,381.758, , , , , , , , , , , , , , , , , , , , , , , 
21.11.2019 07:56:53,363.945, , , , , , , , , , , , , , , , , , , , , , , 
21.11.2019 07:56:53,363.945, , , , , , , , , , , , , , , , , , , , , , , 
21.11.2019 06:56:53,375.135, , , , , , , , , , , , , , , , , , , , , , , 
21.11.2019 06:56:53,375.135, , , , , , , , , , , , , , , , , , , , , , , 
21.11.2019 05:56:53,401.472, , , , , , , , , , , , , , , , , , , , , , , 
21.11.2019 05:56:53,401.472, , , , , , , , , , , , , , , , , , , , , , , 
21.11.2019 04:56:53,430.199, , , , , , , , , , , , , , , , , , , , , , , 
21.11.2019 04:56:53,430.199, , , , , , , , , , , , , , , , , , , , , , , 
21.11.2019 03:56:53,458.364, , , , , , , , , , , , , , , , , , , , , , , 
21.11.2019 03:56:53,458.364, , , , , , , , , , , , , , , , , , , , , , , 
21.11.2019 02:56:53,486.358, , , , , , , , , , , , , , , , , , , , , , , 
21.11.2019 02:56:53,486.358, , , , , , , , , , , , , , , , , , , , , , , 
21.11.2019 01:56:53,514.857, , , , , , , , , , , , , , , , , , , , , , , 
21.11.2019 01:56:53,514.857, , , , , , , , , , , , , , , , , , , , , , , 
21.11.2019 00:56:53,542.36, , , , , , , , , , , , , , , , , , , , , , , 
21.11.2019 00:56:53,542.36, , , , , , , , , , , , , , , , , , , , , , , 
20.11.2019 23:56:53,570.126, , , , , , , , , , , , , , , , , , , , , , , 
20.11.2019 23:56:53,570.126, , , , , , , , , , , , , , , , , , , , , , , 
20.11.2019 22:56:53,596.824, , , , , , , , , , , , , , , , , , , , , , , 
20.11.2019 22:56:53,596.824, , , , , , , , , , , , , , , , , , , , , , , 
20.11.2019 21:56:53,623.707, , , , , , , , , , , , , , , , , , , , , , , 
20.11.2019 21:56:53,623.707, , , , , , , , , , , , , , , , , , , , , , , 
20.11.2019 20:56:53,650.879, , , , , , , , , , , , , , , , , , , , , , , 
20.11.2019 20:56:53,650.879, , , , , , , , , , , , , , , , , , , , , , , 
20.11.2019 19:56:53,677.663, , , , , , , , , , , , , , , , , , , , , , , 
20.11.2019 19:56:53,677.663, , , , , , , , , , , , , , , , , , , , , , , 
20.11.2019 18:56:53,704.217, , , , , , , , , , , , , , , , , , , , , , , 
20.11.2019 18:56:53,704.217, , , , , , , , , , , , , , , , , , , , , , , 
20.11.2019 17:56:53,730.427, , , , , , , , , , , , , , , , , , , , , , , 
20.11.2019 17:56:53,730.427, , , , , , , , , , , , , , , , , , , , , , , 
20.11.2019 16:56:53,755.237, , , , , , , , , , , , , , , , , , , , , , , 
20.11.2019 16:56:53,755.237, , , , , , , , , , , , , , , , , , , , , , , 
20.11.2019 15:56:53,767.707, , , , , , , , , , , , , , , , , , , , , , , 
20.11.2019 15:56:53,767.707, , , , , , , , , , , , , , , , , , , , , , , 
20.11.2019 14:56:53,761.89, , , , , , , , , , , , , , , , , , , , , , , 
20.11.2019 14:56:53,761.89, , , , , , , , , , , , , , , , , , , , , , , 
20.11.2019 13:56:53,727.315, , , , , , , , , , , , , , , , , , , , , , , 
20.11.2019 13:56:53,727.315, , , , , , , , , , , , , , , , , , , , , , , 
20.11.2019 12:56:53,674.554, , , , , , , , , , , , , , , , , , , , , , , 
20.11.2019 12:56:53,674.554, , , , , , , , , , , , , , , , , , , , , , , 
20.11.2019 11:56:53,610.66, , , , , , , , , , , , , , , , , , , , , , , 
20.11.2019 11:56:53,610.66, , , , , , , , , , , , , , , , , , , , , , , 
20.11.2019 10:56:53,544.392, , , , , , , , , , , , , , , , , , , , , , , 
20.11.2019 10:56:53,544.392, , , , , , , , , , , , , , , , , , , , , , , 
20.11.2019 09:56:53,486.663, , , , , , , , , , , , , , , , , , , , , , , 
20.11.2019 09:56:53,486.663, , , , , , , , , , , , , , , , , , , , , , , 
20.11.2019 08:56:53,448.216, , , , , , , , , , , , , , , , , , , , , , , 
20.11.2019 08:56:53,448.216, , , , , , , , , , , , , , , , , , , , , , , 
20.11.2019 07:56:53,433.974, , , , , , , , , , , , , , , , , , , , , , , 
20.11.2019 07:56:53,433.974, , , , , , , , , , , , , , , , , , , , , , , 
20.11.2019 06:56:53,447.077, , , , , , , , , , , , , , , , , , , , , , , 
20.11.2019 06:56:53,447.077, , , , , , , , , , , , , , , , , , , , , , , 
20.11.2019 05:56:53,473.703, , , , , , , , , , , , , , , , , , , , , , , 
20.11.2019 05:56:53,473.703, , , , , , , , , , , , , , , , , , , , , , , 
20.11.2019 04:56:53,501.494, , , , , , , , , , , , , , , , , , , , , , , 
20.11.2019 04:56:53,501.494, , , , , , , , , , , , , , , , , , , , , , , 
20.11.2019 03:56:53,528.955, , , , , , , , , , , , , , , , , , , , , , , 
20.11.2019 03:56:53,528.955, , , , , , , , , , , , , , , , , , , , , , , 
20.11.2019 02:56:53,556.359, , , , , , , , , , , , , , , , , , , , , , , 
20.11.2019 02:56:53,556.359, , , , , , , , , , , , , , , , , , , , , , , 
20.11.2019 01:56:53,583.387, , , , , , , , , , , , , , , , , , , , , , , 
20.11.2019 01:56:53,583.387, , , , , , , , , , , , , , , , , , , , , , , 
20.11.2019 00:56:53,610.113, , , , , , , , , , , , , , , , , , , , , , , 
20.11.2019 00:56:53,610.113, , , , , , , , , , , , , , , , , , , , , , , 
19.11.2019 23:56:53,636.653, , , , , , , , , , , , , , , , , , , , , , , 
19.11.2019 23:56:53,636.653, , , , , , , , , , , , , , , , , , , , , , , 
19.11.2019 22:56:53,663.02, , , , , , , , , , , , , , , , , , , , , , , 
19.11.2019 22:56:53,663.02, , , , , , , , , , , , , , , , , , , , , , , 
19.11.2019 21:56:53,689.213, , , , , , , , , , , , , , , , , , , , , , , 
19.11.2019 21:56:53,689.213, , , , , , , , , , , , , , , , , , , , , , , 
19.11.2019 20:56:53,715.164, , , , , , , , , , , , , , , , , , , , , , , 
19.11.2019 20:56:53,715.164, , , , , , , , , , , , , , , , , , , , , , , 
19.11.2019 19:56:53,740.809, , , , , , , , , , , , , , , , , , , , , , , 
19.11.2019 19:56:53,740.809, , , , , , , , , , , , , , , , , , , , , , , 
19.11.2019 18:56:53,766.009, , , , , , , , , , , , , , , , , , , , , , , 
19.11.2019 18:56:53,766.009, , , , , , , , , , , , , , , , , , , , , , , 
19.11.2019 17:56:53,790.777, , , , , , , , , , , , , , , , , , , , , , , 
19.11.2019 17:56:53,790.777, , , , , , , , , , , , , , , , , , , , , , , 
19.11.2019 16:56:53,814.536, , , , , , , , , , , , , , , , , , , , , , , 
19.11.2019 16:56:53,814.536, , , , , , , , , , , , , , , , , , , , , , , 
19.11.2019 15:56:53,825.855, , , , , , , , , , , , , , , , , , , , , , , 
19.11.2019 15:56:53,825.855, , , , , , , , , , , , , , , , , , , , , , , 
19.11.2019 14:56:53,814.506, , , , , , , , , , , , , , , , , , , , , , , 
19.11.2019 14:56:53,814.506, , , , , , , , , , , , , , , , , , , , , , , 
19.11.2019 13:56:53,780.249, , , , , , , , , , , , , , , , , , , , , , , 
19.11.2019 13:56:53,780.249, , , , , , , , , , , , , , , , , , , , , , , 
19.11.2019 12:56:53,736.547, , , , , , , , , , , , , , , , , , , , , , , 
19.11.2019 12:56:53,736.547, , , , , , , , , , , , , , , , , , , , , , , 
19.11.2019 11:56:53,678.11, , , , , , , , , , , , , , , , , , , , , , , 
19.11.2019 11:56:53,678.11, , , , , , , , , , , , , , , , , , , , , , , 
19.11.2019 10:56:53,604.96, , , , , , , , , , , , , , , , , , , , , , , 
19.11.2019 10:56:53,604.96, , , , , , , , , , , , , , , , , , , , , , , 
19.11.2019 09:56:53,544.694, , , , , , , , , , , , , , , , , , , , , , , 
19.11.2019 09:56:53,544.694, , , , , , , , , , , , , , , , , , , , , , , 
19.11.2019 08:56:53,503.899, , , , , , , , , , , , , , , , , , , , , , , 
19.11.2019 08:56:53,503.899, , , , , , , , , , , , , , , , , , , , , , , 
19.11.2019 07:56:53,488.147, , , , , , , , , , , , , , , , , , , , , , , 
19.11.2019 07:56:53,488.147, , , , , , , , , , , , , , , , , , , , , , , 
19.11.2019 06:56:53,497.608, , , , , , , , , , , , , , , , , , , , , , , 
19.11.2019 06:56:53,497.608, , , , , , , , , , , , , , , , , , , , , , , 
19.11.2019 05:56:53,523.829, , , , , , , , , , , , , , , , , , , , , , , 
19.11.2019 05:56:53,523.829, , , , , , , , , , , , , , , , , , , , , , , 
19.11.2019 04:56:53,551.087, , , , , , , , , , , , , , , , , , , , , , , 
19.11.2019 04:56:53,551.087, , , , , , , , , , , , , , , , , , , , , , , 
19.11.2019 03:56:53,578.03, , , , , , , , , , , , , , , , , , , , , , , 
19.11.2019 03:56:53,578.03, , , , , , , , , , , , , , , , , , , , , , , 
19.11.2019 02:56:53,604.741, , , , , , , , , , , , , , , , , , , , , , , 
19.11.2019 02:56:53,604.741, , , , , , , , , , , , , , , , , , , , , , , 
19.11.2019 01:56:53,631.036, , , , , , , , , , , , , , , , , , , , , , , 
19.11.2019 01:56:53,631.036, , , , , , , , , , , , , , , , , , , , , , , 
19.11.2019 00:56:53,657.216, , , , , , , , , , , , , , , , , , , , , , , 
19.11.2019 00:56:53,657.216, , , , , , , , , , , , , , , , , , , , , , , 
18.11.2019 23:56:53,683.425, , , , , , , , , , , , , , , , , , , , , , , 
18.11.2019 23:56:53,683.425, , , , , , , , , , , , , , , , , , , , , , , 
18.11.2019 22:56:53,709.258, , , , , , , , , , , , , , , , , , , , , , , 
18.11.2019 22:56:53,709.258, , , , , , , , , , , , , , , , , , , , , , , 
18.11.2019 21:56:53,735.48, , , , , , , , , , , , , , , , , , , , , , , 
18.11.2019 21:56:53,735.48, , , , , , , , , , , , , , , , , , , , , , , 
18.11.2019 20:56:53,760.896, , , , , , , , , , , , , , , , , , , , , , , 
18.11.2019 20:56:53,760.896, , , , , , , , , , , , , , , , , , , , , , , 
18.11.2019 19:56:53,786.428, , , , , , , , , , , , , , , , , , , , , , , 
18.11.2019 19:56:53,786.428, , , , , , , , , , , , , , , , , , , , , , , 
18.11.2019 18:56:53,811.483, , , , , , , , , , , , , , , , , , , , , , , 
18.11.2019 18:56:53,811.483, , , , , , , , , , , , , , , , , , , , , , , 
18.11.2019 17:56:53,836.654, , , , , , , , , , , , , , , , , , , , , , , 
18.11.2019 17:56:53,836.654, , , , , , , , , , , , , , , , , , , , , , , 
18.11.2019 16:56:53,860.516, , , , , , , , , , , , , , , , , , , , , , , 
18.11.2019 16:56:53,860.516, , , , , , , , , , , , , , , , , , , , , , , 
18.11.2019 15:56:53,872.857, , , , , , , , , , , , , , , , , , , , , , , 
18.11.2019 15:56:53,872.857, , , , , , , , , , , , , , , , , , , , , , , 
18.11.2019 14:56:53,862.747, , , , , , , , , , , , , , , , , , , , , , , 
18.11.2019 14:56:53,862.747, , , , , , , , , , , , , , , , , , , , , , , 
18.11.2019 13:56:53,827.669, , , , , , , , , , , , , , , , , , , , , , , 
18.11.2019 13:56:53,827.669, , , , , , , , , , , , , , , , , , , , , , , 
18.11.2019 12:56:53,772.877, , , , , , , , , , , , , , , , , , , , , , , 
18.11.2019 12:56:53,772.877, , , , , , , , , , , , , , , , , , , , , , , 
18.11.2019 11:56:53,707.124, , , , , , , , , , , , , , , , , , , , , , , 
18.11.2019 11:56:53,707.124, , , , , , , , , , , , , , , , , , , , , , , 
18.11.2019 10:56:53,637.777, , , , , , , , , , , , , , , , , , , , , , , 
18.11.2019 10:56:53,637.777, , , , , , , , , , , , , , , , , , , , , , , 
18.11.2019 09:56:53,579.227, , , , , , , , , , , , , , , , , , , , , , , 
18.11.2019 09:56:53,579.227, , , , , , , , , , , , , , , , , , , , , , , 
18.11.2019 08:56:53,535.709, , , , , , , , , , , , , , , , , , , , , , , 
18.11.2019 08:56:53,535.709, , , , , , , , , , , , , , , , , , , , , , , 
18.11.2019 07:56:53,516.441, , , , , , , , , , , , , , , , , , , , , , , 
18.11.2019 07:56:53,516.441, , , , , , , , , , , , , , , , , , , , , , , 
18.11.2019 06:56:53,525.844, , , , , , , , , , , , , , , , , , , , , , , 
18.11.2019 06:56:53,525.844, , , , , , , , , , , , , , , , , , , , , , , 
18.11.2019 05:56:53,551.663, , , , , , , , , , , , , , , , , , , , , , , 
18.11.2019 05:56:53,551.663, , , , , , , , , , , , , , , , , , , , , , , 
18.11.2019 04:56:53,578.448, , , , , , , , , , , , , , , , , , , , , , , 
18.11.2019 04:56:53,578.448, , , , , , , , , , , , , , , , , , , , , , , 
18.11.2019 03:56:53,605.101, , , , , , , , , , , , , , , , , , , , , , , 
18.11.2019 03:56:53,605.101, , , , , , , , , , , , , , , , , , , , , , , 
18.11.2019 02:56:53,631.425, , , , , , , , , , , , , , , , , , , , , , , 
18.11.2019 02:56:53,631.425, , , , , , , , , , , , , , , , , , , , , , , 
18.11.2019 01:56:53,657.648, , , , , , , , , , , , , , , , , , , , , , , 
18.11.2019 01:56:53,657.648, , , , , , , , , , , , , , , , , , , , , , , 
18.11.2019 00:56:53,683.828, , , , , , , , , , , , , , , , , , , , , , , 
18.11.2019 00:56:53,683.828, , , , , , , , , , , , , , , , , , , , , , , 
17.11.2019 23:56:53,709.976, , , , , , , , , , , , , , , , , , , , , , , 
17.11.2019 23:56:53,709.976, , , , , , , , , , , , , , , , , , , , , , , 
17.11.2019 22:56:53,736.256, , , , , , , , , , , , , , , , , , , , , , , 
17.11.2019 22:56:53,736.256, , , , , , , , , , , , , , , , , , , , , , , 
17.11.2019 21:56:53,761.947, , , , , , , , , , , , , , , , , , , , , , , 
17.11.2019 21:56:53,761.947, , , , , , , , , , , , , , , , , , , , , , , 
17.11.2019 20:56:53,787.681, , , , , , , , , , , , , , , , , , , , , , , 
17.11.2019 20:56:53,787.681, , , , , , , , , , , , , , , , , , , , , , , 
17.11.2019 19:56:53,812.894, , , , , , , , , , , , , , , , , , , , , , , 
17.11.2019 19:56:53,812.894, , , , , , , , , , , , , , , , , , , , , , , 
17.11.2019 18:56:53,838.539, , , , , , , , , , , , , , , , , , , , , , , 
17.11.2019 18:56:53,838.539, , , , , , , , , , , , , , , , , , , , , , , 
17.11.2019 17:56:53,863.61, , , , , , , , , , , , , , , , , , , , , , , 
17.11.2019 17:56:53,863.61, , , , , , , , , , , , , , , , , , , , , , , 
17.11.2019 16:56:53,888.221, , , , , , , , , , , , , , , , , , , , , , , 
17.11.2019 16:56:53,888.221, , , , , , , , , , , , , , , , , , , , , , , 
17.11.2019 15:56:53,899.18, , , , , , , , , , , , , , , , , , , , , , , 
17.11.2019 15:56:53,899.18, , , , , , , , , , , , , , , , , , , , , , , 
17.11.2019 14:56:53,883.785, , , , , , , , , , , , , , , , , , , , , , , 
17.11.2019 14:56:53,883.785, , , , , , , , , , , , , , , , , , , , , , , 
17.11.2019 13:56:53,845.583, , , , , , , , , , , , , , , , , , , , , , , 
17.11.2019 13:56:53,845.583, , , , , , , , , , , , , , , , , , , , , , , 
17.11.2019 12:56:53,786.5, , , , , , , , , , , , , , , , , , , , , , , 
17.11.2019 12:56:53,786.5, , , , , , , , , , , , , , , , , , , , , , , 
17.11.2019 11:56:53,720.547, , , , , , , , , , , , , , , , , , , , , , , 
17.11.2019 11:56:53,720.547, , , , , , , , , , , , , , , , , , , , , , , 
17.11.2019 10:56:53,658.368, , , , , , , , , , , , , , , , , , , , , , , 
17.11.2019 10:56:53,658.368, , , , , , , , , , , , , , , , , , , , , , , 
17.11.2019 09:56:53,599.99, , , , , , , , , , , , , , , , , , , , , , , 
17.11.2019 09:56:53,599.99, , , , , , , , , , , , , , , , , , , , , , , 
17.11.2019 08:56:53,565.358, , , , , , , , , , , , , , , , , , , , , , , 
17.11.2019 08:56:53,565.358, , , , , , , , , , , , , , , , , , , , , , , 
17.11.2019 07:56:53,554.673, , , , , , , , , , , , , , , , , , , , , , , 
17.11.2019 07:56:53,554.673, , , , , , , , , , , , , , , , , , , , , , , 
17.11.2019 06:56:53,566.135, , , , , , , , , , , , , , , , , , , , , , , 
17.11.2019 06:56:53,566.135, , , , , , , , , , , , , , , , , , , , , , , 
17.11.2019 05:56:53,590.213, , , , , , , , , , , , , , , , , , , , , , , 
17.11.2019 05:56:53,590.213, , , , , , , , , , , , , , , , , , , , , , , 
17.11.2019 04:56:53,616.882, , , , , , , , , , , , , , , , , , , , , , , 
17.11.2019 04:56:53,616.882, , , , , , , , , , , , , , , , , , , , , , , 
17.11.2019 03:56:53,643.074, , , , , , , , , , , , , , , , , , , , , , , 
17.11.2019 03:56:53,643.074, , , , , , , , , , , , , , , , , , , , , , , 
17.11.2019 02:56:53,668.967, , , , , , , , , , , , , , , , , , , , , , , 
17.11.2019 02:56:53,668.967, , , , , , , , , , , , , , , , , , , , , , , 
17.11.2019 01:56:53,695.088, , , , , , , , , , , , , , , , , , , , , , , 
17.11.2019 01:56:53,695.088, , , , , , , , , , , , , , , , , , , , , , , 
17.11.2019 00:56:53,720.792, , , , , , , , , , , , , , , , , , , , , , , 
17.11.2019 00:56:53,720.792, , , , , , , , , , , , , , , , , , , , , , , 
16.11.2019 23:56:53,745.991, , , , , , , , , , , , , , , , , , , , , , , 
16.11.2019 23:56:53,745.991, , , , , , , , , , , , , , , , , , , , , , , 
16.11.2019 22:56:53,771.58, , , , , , , , , , , , , , , , , , , , , , , 
16.11.2019 22:56:53,771.58, , , , , , , , , , , , , , , , , , , , , , , 
16.11.2019 21:56:53,796.577, , , , , , , , , , , , , , , , , , , , , , , 
16.11.2019 21:56:53,796.577, , , , , , , , , , , , , , , , , , , , , , , 
16.11.2019 20:56:53,822.038, , , , , , , , , , , , , , , , , , , , , , , 
16.11.2019 20:56:53,822.038, , , , , , , , , , , , , , , , , , , , , , , 
16.11.2019 19:56:53,847.93, , , , , , , , , , , , , , , , , , , , , , , 
16.11.2019 19:56:53,847.93, , , , , , , , , , , , , , , , , , , , , , , 
16.11.2019 18:56:53,873.044, , , , , , , , , , , , , , , , , , , , , , , 
16.11.2019 18:56:53,873.044, , , , , , , , , , , , , , , , , , , , , , , 
16.11.2019 17:56:53,897.365, , , , , , , , , , , , , , , , , , , , , , , 
16.11.2019 17:56:53,897.365, , , , , , , , , , , , , , , , , , , , , , , 
16.11.2019 16:56:53,920.622, , , , , , , , , , , , , , , , , , , , , , , 
16.11.2019 16:56:53,920.622, , , , , , , , , , , , , , , , , , , , , , , 
16.11.2019 15:56:53,937.871, , , , , , , , , , , , , , , , , , , , , , , 
16.11.2019 15:56:53,937.871, , , , , , , , , , , , , , , , , , , , , , , 
16.11.2019 14:56:53,938.649, , , , , , , , , , , , , , , , , , , , , , , 
16.11.2019 14:56:53,938.649, , , , , , , , , , , , , , , , , , , , , , , 
16.11.2019 13:56:53,927.66, , , , , , , , , , , , , , , , , , , , , , , 
16.11.2019 13:56:53,927.66, , , , , , , , , , , , , , , , , , , , , , , 
16.11.2019 12:56:53,871.171, , , , , , , , , , , , , , , , , , , , , , , 
16.11.2019 12:56:53,871.171, , , , , , , , , , , , , , , , , , , , , , , 
16.11.2019 11:56:53,797.543, , , , , , , , , , , , , , , , , , , , , , , 
16.11.2019 11:56:53,797.543, , , , , , , , , , , , , , , , , , , , , , , 
16.11.2019 10:56:53,718.559, , , , , , , , , , , , , , , , , , , , , , , 
16.11.2019 10:56:53,718.559, , , , , , , , , , , , , , , , , , , , , , , 
16.11.2019 09:56:53,649.34, , , , , , , , , , , , , , , , , , , , , , , 
16.11.2019 09:56:53,649.34, , , , , , , , , , , , , , , , , , , , , , , 
16.11.2019 08:56:53,593.827, , , , , , , , , , , , , , , , , , , , , , , 
16.11.2019 08:56:53,593.827, , , , , , , , , , , , , , , , , , , , , , , 
16.11.2019 07:56:53,567.748, , , , , , , , , , , , , , , , , , , , , , , 
16.11.2019 07:56:53,567.748, , , , , , , , , , , , , , , , , , , , , , , 
16.11.2019 06:56:53,576.907, , , , , , , , , , , , , , , , , , , , , , , 
16.11.2019 06:56:53,576.907, , , , , , , , , , , , , , , , , , , , , , , 
16.11.2019 05:56:53,600.624, , , , , , , , , , , , , , , , , , , , , , , 
16.11.2019 05:56:53,600.624, , , , , , , , , , , , , , , , , , , , , , , 
16.11.2019 04:56:53,626.717, , , , , , , , , , , , , , , , , , , , , , , 
16.11.2019 04:56:53,626.717, , , , , , , , , , , , , , , , , , , , , , , 
16.11.2019 03:56:53,652.55, , , , , , , , , , , , , , , , , , , , , , , 
16.11.2019 03:56:53,652.55, , , , , , , , , , , , , , , , , , , , , , , 
16.11.2019 02:56:53,678.212, , , , , , , , , , , , , , , , , , , , , , , 
16.11.2019 02:56:53,678.212, , , , , , , , , , , , , , , , , , , , , , , 
16.11.2019 01:56:53,703.354, , , , , , , , , , , , , , , , , , , , , , , 
16.11.2019 01:56:53,703.354, , , , , , , , , , , , , , , , , , , , , , , 
16.11.2019 00:56:53,728.756, , , , , , , , , , , , , , , , , , , , , , , 
16.11.2019 00:56:53,728.756, , , , , , , , , , , , , , , , , , , , , , , 
15.11.2019 23:56:53,754.012, , , , , , , , , , , , , , , , , , , , , , , 
15.11.2019 23:56:53,754.012, , , , , , , , , , , , , , , , , , , , , , , 
15.11.2019 22:56:53,778.983, , , , , , , , , , , , , , , , , , , , , , , 
15.11.2019 22:56:53,778.983, , , , , , , , , , , , , , , , , , , , , , , 
15.11.2019 21:56:53,803.881, , , , , , , , , , , , , , , , , , , , , , , 
15.11.2019 21:56:53,803.881, , , , , , , , , , , , , , , , , , , , , , , 
15.11.2019 20:56:53,828.534, , , , , , , , , , , , , , , , , , , , , , , 
15.11.2019 20:56:53,828.534, , , , , , , , , , , , , , , , , , , , , , , 
15.11.2019 19:56:53,853.747, , , , , , , , , , , , , , , , , , , , , , , 
15.11.2019 19:56:53,853.747, , , , , , , , , , , , , , , , , , , , , , , 
15.11.2019 18:56:53,877.938, , , , , , , , , , , , , , , , , , , , , , , 
15.11.2019 18:56:53,877.938, , , , , , , , , , , , , , , , , , , , , , , 
15.11.2019 17:56:53,902.03, , , , , , , , , , , , , , , , , , , , , , , 
15.11.2019 17:56:53,902.03, , , , , , , , , , , , , , , , , , , , , , , 
15.11.2019 16:56:53,924.855, , , , , , , , , , , , , , , , , , , , , , , 
15.11.2019 16:56:53,924.855, , , , , , , , , , , , , , , , , , , , , , , 
15.11.2019 15:56:53,936.503, , , , , , , , , , , , , , , , , , , , , , , 
15.11.2019 15:56:53,936.503, , , , , , , , , , , , , , , , , , , , , , , 
15.11.2019 14:56:53,936.546, , , , , , , , , , , , , , , , , , , , , , , 
15.11.2019 14:56:53,936.546, , , , , , , , , , , , , , , , , , , , , , , 
15.11.2019 13:56:53,934.487, , , , , , , , , , , , , , , , , , , , , , , 
15.11.2019 13:56:53,934.487, , , , , , , , , , , , , , , , , , , , , , , 
15.11.2019 12:56:53,874.627, , , , , , , , , , , , , , , , , , , , , , , 
15.11.2019 12:56:53,874.627, , , , , , , , , , , , , , , , , , , , , , , 
15.11.2019 11:56:53,795.369, , , , , , , , , , , , , , , , , , , , , , , 
15.11.2019 11:56:53,795.369, , , , , , , , , , , , , , , , , , , , , , , 
15.11.2019 10:56:53,710.323, , , , , , , , , , , , , , , , , , , , , , , 
15.11.2019 10:56:53,710.323, , , , , , , , , , , , , , , , , , , , , , , 
15.11.2019 09:56:53,633.528, , , , , , , , , , , , , , , , , , , , , , , 
15.11.2019 09:56:53,633.528, , , , , , , , , , , , , , , , , , , , , , , 
15.11.2019 08:56:53,584.64, , , , , , , , , , , , , , , , , , , , , , , 
15.11.2019 08:56:53,584.64, , , , , , , , , , , , , , , , , , , , , , , 
15.11.2019 07:56:53,562.565, , , , , , , , , , , , , , , , , , , , , , , 
15.11.2019 07:56:53,562.565, , , , , , , , , , , , , , , , , , , , , , , 
15.11.2019 06:56:53,571.335, , , , , , , , , , , , , , , , , , , , , , , 
15.11.2019 06:56:53,571.335, , , , , , , , , , , , , , , , , , , , , , , 
15.11.2019 05:56:53,596.059, , , , , , , , , , , , , , , , , , , , , , , 
15.11.2019 05:56:53,596.059, , , , , , , , , , , , , , , , , , , , , , , 
15.11.2019 04:56:53,622.136, , , , , , , , , , , , , , , , , , , , , , , 
15.11.2019 04:56:53,622.136, , , , , , , , , , , , , , , , , , , , , , , 
15.11.2019 03:56:53,647.755, , , , , , , , , , , , , , , , , , , , , , , 
15.11.2019 03:56:53,647.755, , , , , , , , , , , , , , , , , , , , , , , 
15.11.2019 02:56:53,673.559, , , , , , , , , , , , , , , , , , , , , , , 
15.11.2019 02:56:53,673.559, , , , , , , , , , , , , , , , , , , , , , , 
15.11.2019 01:56:53,699.234, , , , , , , , , , , , , , , , , , , , , , , 
15.11.2019 01:56:53,699.234, , , , , , , , , , , , , , , , , , , , , , , 
15.11.2019 00:56:53,724.939, , , , , , , , , , , , , , , , , , , , , , , 
15.11.2019 00:56:53,724.939, , , , , , , , , , , , , , , , , , , , , , , 
14.11.2019 23:56:53,749.921, , , , , , , , , , , , , , , , , , , , , , , 
14.11.2019 23:56:53,749.921, , , , , , , , , , , , , , , , , , , , , , , 
14.11.2019 22:56:53,774.966, , , , , , , , , , , , , , , , , , , , , , , 
14.11.2019 22:56:53,774.966, , , , , , , , , , , , , , , , , , , , , , , 
14.11.2019 21:56:53,799.646, , , , , , , , , , , , , , , , , , , , , , , 
14.11.2019 21:56:53,799.646, , , , , , , , , , , , , , , , , , , , , , , 
14.11.2019 20:56:53,824.399, , , , , , , , , , , , , , , , , , , , , , , 
14.11.2019 20:56:53,824.399, , , , , , , , , , , , , , , , , , , , , , , 
14.11.2019 19:56:53,849.472, , , , , , , , , , , , , , , , , , , , , , , 
14.11.2019 19:56:53,849.472, , , , , , , , , , , , , , , , , , , , , , , 
14.11.2019 18:56:53,874.052, , , , , , , , , , , , , , , , , , , , , , , 
14.11.2019 18:56:53,874.052, , , , , , , , , , , , , , , , , , , , , , , 
14.11.2019 17:56:53,898.271, , , , , , , , , , , , , , , , , , , , , , , 
14.11.2019 17:56:53,898.271, , , , , , , , , , , , , , , , , , , , , , , 
14.11.2019 16:56:53,922.074, , , , , , , , , , , , , , , , , , , , , , , 
14.11.2019 16:56:53,922.074, , , , , , , , , , , , , , , , , , , , , , , 
14.11.2019 15:56:53,935.956, , , , , , , , , , , , , , , , , , , , , , , 
14.11.2019 15:56:53,935.956, , , , , , , , , , , , , , , , , , , , , , , 
14.11.2019 14:56:53,936.793, , , , , , , , , , , , , , , , , , , , , , , 
14.11.2019 14:56:53,936.793, , , , , , , , , , , , , , , , , , , , , , , 
14.11.2019 13:56:53,936.822, , , , , , , , , , , , , , , , , , , , , , , 
14.11.2019 13:56:53,936.822, , , , , , , , , , , , , , , , , , , , , , , 
14.11.2019 12:56:53,936.822, , , , , , , , , , , , , , , , , , , , , , , 
14.11.2019 12:56:53,936.822, , , , , , , , , , , , , , , , , , , , , , , 
14.11.2019 11:56:53,936.836, , , , , , , , , , , , , , , , , , , , , , , 
14.11.2019 11:56:53,936.836, , , , , , , , , , , , , , , , , , , , , , , 
14.11.2019 10:56:53,932.198, , , , , , , , , , , , , , , , , , , , , , , 
14.11.2019 10:56:53,932.198, , , , , , , , , , , , , , , , , , , , , , , 
14.11.2019 09:56:53,870.755, , , , , , , , , , , , , , , , , , , , , , , 
14.11.2019 09:56:53,870.755, , , , , , , , , , , , , , , , , , , , , , , 
14.11.2019 08:56:53,813.168, , , , , , , , , , , , , , , , , , , , , , , 
14.11.2019 08:56:53,813.168, , , , , , , , , , , , , , , , , , , , , , , 
14.11.2019 07:56:53,778.55, , , , , , , , , , , , , , , , , , , , , , , 
14.11.2019 07:56:53,778.55, , , , , , , , , , , , , , , , , , , , , , , 
14.11.2019 06:56:53,771.493, , , , , , , , , , , , , , , , , , , , , , , 
14.11.2019 06:56:53,771.493, , , , , , , , , , , , , , , , , , , , , , , 
14.11.2019 05:56:53,781.617, , , , , , , , , , , , , , , , , , , , , , , 
14.11.2019 05:56:53,781.617, , , , , , , , , , , , , , , , , , , , , , , 
14.11.2019 04:56:53,793.367, , , , , , , , , , , , , , , , , , , , , , , 
14.11.2019 04:56:53,793.367, , , , , , , , , , , , , , , , , , , , , , , 
14.11.2019 03:56:53,805.19, , , , , , , , , , , , , , , , , , , , , , , 
14.11.2019 03:56:53,805.19, , , , , , , , , , , , , , , , , , , , , , , 
14.11.2019 01:56:53,829.571, , , , , , , , , , , , , , , , , , , , , , , 
14.11.2019 01:56:53,829.571, , , , , , , , , , , , , , , , , , , , , , , 
14.11.2019 00:56:53,842.055, , , , , , , , , , , , , , , , , , , , , , , 
14.11.2019 00:56:53,842.055, , , , , , , , , , , , , , , , , , , , , , , 
13.11.2019 23:56:53,854.021, , , , , , , , , , , , , , , , , , , , , , , 
13.11.2019 23:56:53,854.021, , , , , , , , , , , , , , , , , , , , , , , 
13.11.2019 22:56:53,865.958, , , , , , , , , , , , , , , , , , , , , , , 
13.11.2019 22:56:53,865.958, , , , , , , , , , , , , , , , , , , , , , , 
13.11.2019 21:56:53,877.58, , , , , , , , , , , , , , , , , , , , , , , 
13.11.2019 21:56:53,877.58, , , , , , , , , , , , , , , , , , , , , , , 
13.11.2019 20:56:53,889.532, , , , , , , , , , , , , , , , , , , , , , , 
13.11.2019 20:56:53,889.532, , , , , , , , , , , , , , , , , , , , , , , 
13.11.2019 19:56:53,900.891, , , , , , , , , , , , , , , , , , , , , , , 
13.11.2019 19:56:53,900.891, , , , , , , , , , , , , , , , , , , , , , , 
13.11.2019 18:56:53,911.435, , , , , , , , , , , , , , , , , , , , , , , 
13.11.2019 18:56:53,911.435, , , , , , , , , , , , , , , , , , , , , , , 
13.11.2019 17:56:53,920.621, , , , , , , , , , , , , , , , , , , , , , , 
13.11.2019 17:56:53,920.621, , , , , , , , , , , , , , , , , , , , , , , 
13.11.2019 16:56:53,925.532, , , , , , , , , , , , , , , , , , , , , , , 
13.11.2019 16:56:53,925.532, , , , , , , , , , , , , , , , , , , , , , , 
13.11.2019 15:56:53,915.379, , , , , , , , , , , , , , , , , , , , , , , 
13.11.2019 15:56:53,915.379, , , , , , , , , , , , , , , , , , , , , , , 
13.11.2019 14:56:53,915.394, , , , , , , , , , , , , , , , , , , , , , , 
13.11.2019 14:56:53,915.394, , , , , , , , , , , , , , , , , , , , , , , 
13.11.2019 13:56:53,915.394, , , , , , , , , , , , , , , , , , , , , , , 
13.11.2019 13:56:53,915.394, , , , , , , , , , , , , , , , , , , , , , , 
13.11.2019 12:56:53,898.805, , , , , , , , , , , , , , , , , , , , , , , 
13.11.2019 12:56:53,898.805, , , , , , , , , , , , , , , , , , , , , , , 
13.11.2019 11:56:53,816.768, , , , , , , , , , , , , , , , , , , , , , , 
13.11.2019 11:56:53,816.768, , , , , , , , , , , , , , , , , , , , , , , 
13.11.2019 10:56:53,730.239, , , , , , , , , , , , , , , , , , , , , , , 
13.11.2019 10:56:53,730.239, , , , , , , , , , , , , , , , , , , , , , , 
13.11.2019 09:56:53,652.046, , , , , , , , , , , , , , , , , , , , , , , 
13.11.2019 09:56:53,652.046, , , , , , , , , , , , , , , , , , , , , , , 
13.11.2019 08:56:53,591.753, , , , , , , , , , , , , , , , , , , , , , , 
13.11.2019 08:56:53,591.753, , , , , , , , , , , , , , , , , , , , , , , 
13.11.2019 07:56:53,556.647, , , , , , , , , , , , , , , , , , , , , , , 
13.11.2019 07:56:53,556.647, , , , , , , , , , , , , , , , , , , , , , , 
13.11.2019 06:56:53,549.359, , , , , , , , , , , , , , , , , , , , , , , 
13.11.2019 06:56:53,549.359, , , , , , , , , , , , , , , , , , , , , , , 
13.11.2019 05:56:53,560.002, , , , , , , , , , , , , , , , , , , , , , , 
13.11.2019 05:56:53,560.002, , , , , , , , , , , , , , , , , , , , , , , 
13.11.2019 04:56:53,572.544, , , , , , , , , , , , , , , , , , , , , , , 
13.11.2019 04:56:53,572.544, , , , , , , , , , , , , , , , , , , , , , , 
13.11.2019 03:56:53,585.1, , , , , , , , , , , , , , , , , , , , , , , 
13.11.2019 03:56:53,585.1, , , , , , , , , , , , , , , , , , , , , , , 
13.11.2019 02:56:53,597.96, , , , , , , , , , , , , , , , , , , , , , , 
13.11.2019 02:56:53,597.96, , , , , , , , , , , , , , , , , , , , , , , 
13.11.2019 01:56:53,610.933, , , , , , , , , , , , , , , , , , , , , , , 
13.11.2019 01:56:53,610.933, , , , , , , , , , , , , , , , , , , , , , , 
13.11.2019 00:56:53,624.184, , , , , , , , , , , , , , , , , , , , , , , 
13.11.2019 00:56:53,624.184, , , , , , , , , , , , , , , , , , , , , , , 
12.11.2019 23:56:53,636.768, , , , , , , , , , , , , , , , , , , , , , , 
12.11.2019 23:56:53,636.768, , , , , , , , , , , , , , , , , , , , , , , 
12.11.2019 22:56:53,649.555, , , , , , , , , , , , , , , , , , , , , , , 
12.11.2019 22:56:53,649.555, , , , , , , , , , , , , , , , , , , , , , , 
12.11.2019 21:56:53,662.069, , , , , , , , , , , , , , , , , , , , , , , 
12.11.2019 21:56:53,662.069, , , , , , , , , , , , , , , , , , , , , , , 
12.11.2019 20:56:53,674.323, , , , , , , , , , , , , , , , , , , , , , , 
12.11.2019 20:56:53,674.323, , , , , , , , , , , , , , , , , , , , , , , 
12.11.2019 19:56:53,686.764, , , , , , , , , , , , , , , , , , , , , , , 
12.11.2019 19:56:53,686.764, , , , , , , , , , , , , , , , , , , , , , , 
12.11.2019 18:56:53,699.221, , , , , , , , , , , , , , , , , , , , , , , 
12.11.2019 18:56:53,699.221, , , , , , , , , , , , , , , , , , , , , , , 
12.11.2019 17:56:53,711.102, , , , , , , , , , , , , , , , , , , , , , , 
12.11.2019 17:56:53,711.102, , , , , , , , , , , , , , , , , , , , , , , 
12.11.2019 16:56:53,721.584, , , , , , , , , , , , , , , , , , , , , , , 
12.11.2019 16:56:53,721.584, , , , , , , , , , , , , , , , , , , , , , , 
12.11.2019 15:56:53,720.259, , , , , , , , , , , , , , , , , , , , , , , 
12.11.2019 15:56:53,720.259, , , , , , , , , , , , , , , , , , , , , , , 
12.11.2019 14:56:53,690.942, , , , , , , , , , , , , , , , , , , , , , , 
12.11.2019 14:56:53,690.942, , , , , , , , , , , , , , , , , , , , , , , 
12.11.2019 13:56:53,634.565, , , , , , , , , , , , , , , , , , , , , , , 
12.11.2019 13:56:53,634.565, , , , , , , , , , , , , , , , , , , , , , , 
12.11.2019 12:56:53,557.54, , , , , , , , , , , , , , , , , , , , , , , 
12.11.2019 12:56:53,557.54, , , , , , , , , , , , , , , , , , , , , , , 
12.11.2019 11:56:53,469.743, , , , , , , , , , , , , , , , , , , , , , , 
12.11.2019 11:56:53,469.743, , , , , , , , , , , , , , , , , , , , , , , 
12.11.2019 10:56:53,385.618, , , , , , , , , , , , , , , , , , , , , , , 
12.11.2019 10:56:53,385.618, , , , , , , , , , , , , , , , , , , , , , , 
12.11.2019 09:56:53,313.533, , , , , , , , , , , , , , , , , , , , , , , 
12.11.2019 09:56:53,313.533, , , , , , , , , , , , , , , , , , , , , , , 
12.11.2019 08:56:53,276.407, , , , , , , , , , , , , , , , , , , , , , , 
12.11.2019 08:56:53,276.407, , , , , , , , , , , , , , , , , , , , , , , 
12.11.2019 07:56:53,274.953, , , , , , , , , , , , , , , , , , , , , , , 
12.11.2019 07:56:53,274.953, , , , , , , , , , , , , , , , , , , , , , , 
12.11.2019 06:56:53,305.813, , , , , , , , , , , , , , , , , , , , , , , 
12.11.2019 06:56:53,305.813, , , , , , , , , , , , , , , , , , , , , , , 
12.11.2019 05:56:53,345.903, , , , , , , , , , , , , , , , , , , , , , , 
12.11.2019 05:56:53,345.903, , , , , , , , , , , , , , , , , , , , , , , 
12.11.2019 04:56:53,387.099, , , , , , , , , , , , , , , , , , , , , , , 
12.11.2019 04:56:53,387.099, , , , , , , , , , , , , , , , , , , , , , , 
12.11.2019 03:56:53,440.237, , , , , , , , , , , , , , , , , , , , , , , 
12.11.2019 03:56:53,440.237, , , , , , , , , , , , , , , , , , , , , , , 
12.11.2019 02:56:53,491.99, , , , , , , , , , , , , , , , , , , , , , , 
12.11.2019 02:56:53,491.99, , , , , , , , , , , , , , , , , , , , , , , 
12.11.2019 01:56:53,528.508, , , , , , , , , , , , , , , , , , , , , , , 
12.11.2019 01:56:53,528.508, , , , , , , , , , , , , , , , , , , , , , , 
12.11.2019 00:56:53,580.076, , , , , , , , , , , , , , , , , , , , , , , 
12.11.2019 00:56:53,580.076, , , , , , , , , , , , , , , , , , , , , , , 
11.11.2019 23:56:53,629.525, , , , , , , , , , , , , , , , , , , , , , , 
11.11.2019 23:56:53,629.525, , , , , , , , , , , , , , , , , , , , , , , 
11.11.2019 22:56:53,664.833, , , , , , , , , , , , , , , , , , , , , , , 
11.11.2019 22:56:53,664.833, , , , , , , , , , , , , , , , , , , , , , , 
11.11.2019 21:56:53,712.729, , , , , , , , , , , , , , , , , , , , , , , 
11.11.2019 21:56:53,712.729, , , , , , , , , , , , , , , , , , , , , , , 
11.11.2019 20:56:53,760.752, , , , , , , , , , , , , , , , , , , , , , , 
11.11.2019 20:56:53,760.752, , , , , , , , , , , , , , , , , , , , , , , 
11.11.2019 19:56:53,790.574, , , , , , , , , , , , , , , , , , , , , , , 
11.11.2019 19:56:53,790.574, , , , , , , , , , , , , , , , , , , , , , , 
11.11.2019 18:56:53,833.487, , , , , , , , , , , , , , , , , , , , , , , 
11.11.2019 18:56:53,833.487, , , , , , , , , , , , , , , , , , , , , , , 
11.11.2019 17:56:53,859.09, , , , , , , , , , , , , , , , , , , , , , , 
11.11.2019 17:56:53,859.09, , , , , , , , , , , , , , , , , , , , , , , 
11.11.2019 16:56:53,892.123, , , , , , , , , , , , , , , , , , , , , , , 
11.11.2019 16:56:53,892.123, , , , , , , , , , , , , , , , , , , , , , , 
11.11.2019 15:56:53,917.136, , , , , , , , , , , , , , , , , , , , , , , 
11.11.2019 15:56:53,917.136, , , , , , , , , , , , , , , , , , , , , , , 
11.11.2019 14:56:53,911.85, , , , , , , , , , , , , , , , , , , , , , , 
11.11.2019 14:56:53,911.85, , , , , , , , , , , , , , , , , , , , , , , 
11.11.2019 13:56:53,909.805, , , , , , , , , , , , , , , , , , , , , , , 
11.11.2019 13:56:53,909.805, , , , , , , , , , , , , , , , , , , , , , , 
11.11.2019 12:56:53,909.791, , , , , , , , , , , , , , , , , , , , , , , 
11.11.2019 12:56:53,909.791, , , , , , , , , , , , , , , , , , , , , , , 
11.11.2019 11:56:53,904.938, , , , , , , , , , , , , , , , , , , , , , , 
11.11.2019 11:56:53,904.938, , , , , , , , , , , , , , , , , , , , , , , 
11.11.2019 10:56:53,898.373, , , , , , , , , , , , , , , , , , , , , , , 
11.11.2019 10:56:53,898.373, , , , , , , , , , , , , , , , , , , , , , , 
